[
    {"esp":"mirar", "pre":"regarder", "pas":"J'ai<br>regardé", "fut":"Je<br>regarderai", "id":0},
    {"esp":"comer", "pre":"manger", "pas":"J'ai<br>mangé", "fut":"Je<br>mangerai", "id":1},
    {"esp":"escuchar", "pre":"écouter", "pas":"J'ai<br>écouté", "fut":"J'<br>écouterai", "id":2},
    {"esp":"hablar", "pre":"parler", "pas":"J'ai<br>parlé", "fut":"Je<br>parlerai", "id":3},
    {"esp":"dibujar", "pre":"dessiner", "pas":"J'ai<br>dessiné", "fut":"Je<br>dessinerai", "id":4},
    {"esp":"observar", "pre":"observer", "pas":"J'ai<br>observé", "fut":"J'<br>observerai", "id":5},
    {"esp":"participar", "pre":"participer", "pas":"J'ai<br>participé", "fut":"Je<br>participerai", "id":6},
    {"esp":"ordenar", "pre":"ordonner", "pas":"J'ai<br>ordonné", "fut":"J'<br>ordonnerai", "id":7},
    {"esp":"cantar", "pre":"chanter", "pas":"J'ai<br>chanté", "fut":"Je<br>chanterai", "id":8},
    {"esp":"bailar", "pre":"danser", "pas":"J'ai<br>dansé", "fut":"Je<br>danserai", "id":9},
    {"esp":"jugar", "pre":"jouer", "pas":"J'ai<br>joué", "fut":"Je<br>jouerai", "id":10},
    {"esp":"entrar", "pre":"entrer", "pas":"Je suis<br>entré", "fut":"J'<br>entrerai", "id":11},
    {"esp":"lavar", "pre":"laver", "pas":"J'ai<br>lavé", "fut":"Je<br>laverai", "id":12},
    {"esp":"lanzar", "pre":"lancer", "pas":"J'ai<br>lancé", "fut":"Je<br>lancerai", "id":13},
    {"esp":"cocinar", "pre":"cuisiner", "pas":"J'ai<br>cuisiné", "fut":"Je<br>cuisinerai", "id":14},
    {"esp":"preparar", "pre":"préparer", "pas":"J'ai<br>préparé", "fut":"Je<br>préparerai", "id":15},
    {"esp":"viajar", "pre":"voyager", "pas":"J'ai<br>voyagé", "fut":"Je<br>voyagerai", "id":16},
    {"esp":"caminar", "pre":"marcher", "pas":"J'ai<br>marché", "fut":"Je<br>marcherai", "id":17},
    {"esp":"saltar", "pre":"sauter", "pas":"J'ai<br>sauté", "fut":"Je<br>sauterai", "id":18},
    {"esp":"compartir", "pre":"partager", "pas":"J'ai<br>partagé", "fut":"Je<br>partagerai", "id":19},
    {"esp":"comprar", "pre":"acheter", "pas":"J'ai<br>acheté", "fut":"J'<br>achèterai", "id":20},
    {"esp":"pagar", "pre":"payer", "pas":"J'ai<br>payé", "fut":"Je<br>payerai", "id":21},
    {"esp":"completar", "pre":"compléter", "pas":"J'ai<br>complété", "fut":"Je<br>compléterai", "id":22},
    {"esp":"adorar", "pre":"adorer", "pas":"J'ai<br>adoré", "fut":"J'<br>adorerai", "id":23},
    {"esp":"amar", "pre":"aimer", "pas":"J'ai<br>aimé", "fut":"J'<br>aimerai", "id":24},
    {"esp":"apreciar", "pre":"apprécier", "pas":"J'ai<br>apprécié", "fut":"J'<br>apprécierai", "id":25},
    {"esp":"cortar", "pre":"couper", "pas":"J'ai<br>coupé", "fut":"Je<br>couperai", "id":26},
    {"esp":"quebrar", "pre":"casser", "pas":"J'ai<br>cassé", "fut":"Je<br>casserai", "id":27},
    {"esp":"mover", "pre":"bouger", "pas":"J'ai<br>bougé", "fut":"Je<br>bougerai", "id":28},
    {"esp":"cambiar", "pre":"changer", "pas":"J'ai<br>changé", "fut":"Je<br>changerai", "id":29},
    {"esp":"comenzar", "pre":"commencer", "pas":"J'ai<br>commencé", "fut":"Je<br>commencerai", "id":30},
    {"esp":"dar", "pre":"donner", "pas":"J'ai<br>donné", "fut":"Je<br>donnerai", "id":31},
    {"esp":"detestar", "pre":"détester", "pas":"J'ai<br>détesté", "fut":"Je<br>détesterai", "id":32},
    {"esp":"estudiar", "pre":"étudier", "pas":"J'ai<br>étudié", "fut":"J'<br>étudierai", "id":33},
    {"esp":"invitar", "pre":"inviter", "pas":"J'ai<br>invité", "fut":"J'<br>inviterai", "id":34},
    {"esp":"ganar", "pre":"gagner", "pas":"J'ai<br>gagné", "fut":"Je<br>gagnerai", "id":35},
    {"esp":"repetir", "pre":"répéter", "pas":"J'ai<br>répété", "fut":"Je<br>répéterai", "id":36},
    {"esp":"respetar", "pre":"respecter", "pas":"J'ai<br>respecté", "fut":"Je<br>respecterai", "id":37},
    {"esp":"quedarse ", "pre":"rester", "pas":"Je suis<br>resté", "fut":"Je<br>resterai", "id":38},
    {"esp":"abandonar", "pre":"abandonner", "pas":"J'ai<br>abandonné", "fut":"J'<br>abandonnerai", "id":39},
    {"esp":"encontrarse", "pre":"rencontrer", "pas":"J'ai<br>rencontré", "fut":"Je<br>rencontrerai", "id":40},
    {"esp":"desear", "pre":"souhaiter", "pas":"J'ai<br>souhaité", "fut":"Je<br>souhaiterai", "id":41},
    {"esp":"tocar", "pre":"toucher", "pas":"J'ai<br>touché", "fut":"Je<br>toucherai", "id":42},
    {"esp":"votar", "pre":"voter", "pas":"J'ai<br>voté", "fut":"Je<br>voterai", "id":43},
    {"esp":"soñar", "pre":"rêver", "pas":"J'ai<br>rêvé", "fut":"Je<br>rêverai", "id":44},
    {"esp":"llorar", "pre":"pleurer", "pas":"J'ai<br>pleuré", "fut":"Je<br>pleurerai", "id":45},
    {"esp":"preparar", "pre":"préparer", "pas":"J'ai<br>préparé", "fut":"Je<br>préparerai", "id":46},
    {"esp":"salvar", "pre":"sauver", "pas":"J'ai<br>sauvé", "fut":"Je<br>sauverai", "id":47},
    {"esp":"proteger", "pre":"protéger", "pas":"J'ai<br>protégé", "fut":"Je<br>protégerai", "id":48},
    {"esp":"habitar", "pre":"habiter", "pas":"J'ai<br>habité", "fut":"J'<br>habiterai", "id":49},
    {"esp":"pedir", "pre":"demander", "pas":"J'ai<br>demandé", "fut":"Je<br>demanderai", "id":50},
    {"esp":"caer", "pre":"tomber", "pas":"Je suis<br>tombé", "fut":"Je<br>tomberai", "id":51},
    {"esp":"subir", "pre":"monter", "pas":"Je suis<br>monté", "fut":"Je<br>monterai", "id":52},
    {"esp":"tener", "pre":"avoir", "pas":"J'ai<br>eu", "fut":" J'<br>aurai", "id":53},
    {"esp":"ser o estar", "pre":"être", "pas":"J'ai<br>été", "fut":"Je<br>serai", "id":54},
    {"esp":"hacer", "pre":"faire", "pas":"J'ai<br>fait", "fut":"Je<br>ferai", "id":55},
    {"esp":"ir", "pre":"aller", "pas":"Je suis<br>allé", "fut":"J'<br>irai", "id":56},
    {"esp":"querer", "pre":"vouloir", "pas":"J'ai<br>voulu", "fut":"Je<br>voudrai", "id":57},
    {"esp":"poder", "pre":"pouvoir", "pas":"J'ai<br>pu", "fut":"Je<br>pourrai", "id":58},
    {"esp":"batir", "pre":"battre", "pas":"J'ai<br>battu", "fut":"Je<br>battrai", "id":59},
    {"esp":"escribir", "pre":"ecrire", "pas":"J'ai<br>écrit", "fut":"J'<br>écrirai", "id":60},
    {"esp":"decir", "pre":"dire", "pas":"J'ai<br>dit", "fut":"Je<br>dirai", "id":61},
    {"esp":"venir", "pre":"venir", "pas":"Je suis<br>venu", "fut":"Je<br>viendrai", "id":62},
    {"esp":"completar", "pre":"remplir", "pas":"J'ai<br>zempli", "fut":"Je<br>remplirai", "id":63},
    {"esp":"partir", "pre":"partir", "pas":"Je suis<br>parti", "fut":"Je<br>partirai", "id":64},
    {"esp":"meter", "pre":"mettre", "pas":"J'ai<br>mis", "fut":"Je<br>mettrai", "id":65},
    {"esp":"mentir", "pre":"mentir", "pas":"J'ai<br>menti", "fut":"Je<br>mentirai", "id":66},
    {"esp":"terminar", "pre":"finir", "pas":"J'ai<br>fini", "fut":"Je<br>finirai", "id":67},
    {"esp":"salir", "pre":"sortir", "pas":"Je suis<br>sorti", "fut":"Je<br>sortirai", "id":68},
    {"esp":"vender", "pre":"vendre", "pas":"J'ai<br>vendu", "fut":"Je<br>vendrai", "id":69},
    {"esp":"agarrar", "pre":"prendre", "pas":"J'ai<br>pris", "fut":"Je<br>prendrai", "id":70},
    {"esp":"oir", "pre":"entendre", "pas":"J'ai<br>entendu", "fut":"J'<br>entendrai", "id":71},
    {"esp":"comprender", "pre":"comprendre", "pas":"J'ai<br>compris", "fut":"Je<br>comprendrai", "id":72},
    {"esp":"responder", "pre":"répondre", "pas":"J'ai<br>répondu", "fut":"Je<br>répondrai", "id":73},
    {"esp":"correr", "pre":"courir", "pas":"J'ai<br>couru", "fut":"Je<br>courrai", "id":74},
    {"esp":"perder", "pre":"perdre", "pas":"J'ai<br>perdu", "fut":"Je<br>perdrai", "id":75},
    {"esp":"saber", "pre":"savoir", "pas":"J'ai<br>sû", "fut":"Je<br>saurai", "id":76},
    {"esp":"vivir", "pre":"vivre", "pas":"J'ai<br>vécu", "fut":"Je<br>vivrai", "id":77},
    {"esp":"reir", "pre":"rire", "pas":"J'ai<br>ri", "fut":"Je<br>rirai", "id":78},
    {"esp":"ver", "pre":"voir", "pas":"J'ai<br>vu", "fut":"Je<br>verrai", "id":79},
    {"esp":"nacer", "pre":"naître", "pas":"Je suis<br>né", "fut":"Je<br>naîtrai", "id":80},
    {"esp":"descender", "pre":"descendre", "pas":"Je suis<br>descendu", "fut":"Je<br>descendrai", "id":81},
    {"esp":"morir", "pre":"mourir", "pas":"Je suis<br>mort", "fut":"Je<br>mourrai", "id":82}
]
